City_ID,City,Country,Date,Lat,Lng,Max Temp,Humidity,Cloudiness,Wind Speed
0,Dikson,RU,2022-10-15 01:27:38,73.5069,80.5464,33.42,96,100,21.23
1,Ushuaia,AR,2022-10-15 01:23:57,-54.8,-68.3,56.86,44,40,16.11
2,Arraial Do Cabo,BR,2022-10-15 01:27:39,-22.9661,-42.0278,71.65,93,70,9.55
3,Albany,US,2022-10-15 01:25:14,42.6001,-73.9662,48.61,84,0,3.53
4,Jamestown,US,2022-10-15 01:26:08,42.097,-79.2353,49.71,57,20,4.61
5,Isangel,VU,2022-10-15 01:27:40,-19.55,169.2667,80.71,83,40,11.5
6,Michigan City,US,2022-10-15 01:26:50,41.7075,-86.895,57.72,56,100,8.05
7,Butaritari,KI,2022-10-15 01:27:41,3.0707,172.7902,81.68,72,90,16.75
8,Carnarvon,AU,2022-10-15 01:27:41,-24.8667,113.6333,70.07,49,0,15.73
9,Hambantota,LK,2022-10-15 01:27:42,6.1241,81.1185,77.34,100,40,2.3
10,Iqaluit,CA,2022-10-15 01:27:42,63.7506,-68.5145,28.13,92,40,11.01
11,Khatanga,RU,2022-10-15 01:27:42,71.9667,102.5,32.4,98,100,16.87
12,Kahului,US,2022-10-15 01:27:43,20.8947,-156.47,87.82,71,40,14.97
13,Vaini,TO,2022-10-15 01:27:44,-21.2,-175.2,82.56,69,20,14.97
14,Puerto Ayora,EC,2022-10-15 01:27:44,-0.7393,-90.3518,67.55,93,65,8.01
15,Touros,BR,2022-10-15 01:27:45,-5.1989,-35.4608,77.54,79,65,16.02
16,Zverinogolovskoye,RU,2022-10-15 01:27:45,54.4586,64.8542,47.3,75,100,6.58
17,San Rafael,AR,2022-10-15 01:27:45,-34.6177,-68.3301,58.17,20,0,4.63
18,Sawakin,SD,2022-10-15 01:27:46,19.1059,37.3321,79.27,78,0,3.89
19,Phalombe,MW,2022-10-15 01:27:46,-15.8064,35.6507,68.88,35,0,3.51
20,Tuktoyaktuk,CA,2022-10-15 01:27:47,69.4541,-133.0374,26.6,74,75,14.97
21,Punta Arenas,CL,2022-10-15 01:27:47,-53.15,-70.9167,51.91,62,40,25.32
22,Rikitea,PF,2022-10-15 01:27:48,-23.1203,-134.9692,73.4,72,5,9.01
23,Yellowknife,CA,2022-10-15 01:27:49,62.456,-114.3525,34.32,51,75,15.01
24,Cidreira,BR,2022-10-15 01:27:49,-30.1811,-50.2056,61.12,70,96,17.27
25,Bluff,NZ,2022-10-15 01:27:50,-46.6,168.3333,55.31,58,0,5.21
26,Esperance,AU,2022-10-15 01:27:50,-33.8667,121.9,60.24,64,0,3.38
27,Taoudenni,ML,2022-10-15 01:27:51,22.6783,-3.9836,88.45,10,1,7.36
28,Abomsa,ET,2022-10-15 01:27:51,9.9833,39.9833,67.95,48,5,7.31
29,Busselton,AU,2022-10-15 01:27:52,-33.65,115.3333,56.43,73,23,6.42
30,East London,ZA,2022-10-15 01:25:34,-33.0153,27.9116,64.78,83,100,8.72
31,Lebu,CL,2022-10-15 01:27:54,-37.6167,-73.65,50.88,86,0,19.15
32,Brae,GB,2022-10-15 01:27:54,60.3964,-1.353,47.71,66,9,14.56
33,Sindi,IN,2022-10-15 01:27:55,20.8,78.8667,72.48,77,26,8.28
34,Ancud,CL,2022-10-15 01:27:55,-41.8697,-73.8203,45.97,84,10,5.86
35,Broome,US,2022-10-15 01:27:56,42.2506,-75.833,51.35,72,2,1.99
36,Neuquen,AR,2022-10-15 01:26:23,-38.9516,-68.0591,60.69,17,0,6.91
37,San Andres,CO,2022-10-15 01:27:57,12.5847,-81.7006,80.62,89,40,4.61
38,Upernavik,GL,2022-10-15 01:27:58,72.7868,-56.1549,22.53,96,100,7.38
39,Saint Anthony,US,2022-10-15 01:27:58,45.0205,-93.218,38.86,90,40,8.05
40,Mandalgovi,MN,2022-10-15 01:27:59,45.7625,106.2708,29.28,46,95,12.95
41,Todos Santos,MX,2022-10-15 01:23:47,23.45,-110.2167,76.66,76,67,6.38
42,Hobart,AU,2022-10-15 01:27:11,-42.8794,147.3294,60.66,64,75,16.11
43,Tagusao,PH,2022-10-15 01:28:02,9.1924,117.8141,83.23,76,100,12.86
44,Redmond,US,2022-10-15 01:23:10,47.674,-122.1215,69.73,66,86,1.01
45,Qaanaaq,GL,2022-10-15 01:28:02,77.484,-69.3632,13.33,89,100,6.85
46,Soe,ID,2022-10-15 01:28:03,-9.8607,124.284,81.52,50,92,5.41
47,Hualmay,PE,2022-10-15 01:29:04,-11.0964,-77.6139,61.32,83,1,9.44
48,Port Elizabeth,ZA,2022-10-15 01:29:04,-33.918,25.5701,61.32,99,100,1.01
49,Mar Del Plata,AR,2022-10-15 01:29:05,-38.0023,-57.5575,50.88,72,0,18.99
50,Kaitangata,NZ,2022-10-15 01:29:06,-46.2817,169.8464,60.67,53,0,9.84
51,Tiksi,RU,2022-10-15 01:29:06,71.6872,128.8694,15.62,89,100,8.93
52,Mayo,US,2022-10-15 01:29:07,38.8876,-76.5119,60.75,82,0,0.0
53,Saint-Philippe,RE,2022-10-15 01:29:07,-21.3585,55.7679,65.79,74,31,10.76
54,Cape Town,ZA,2022-10-15 01:27:36,-33.9258,18.4232,61.11,80,20,15.01
55,Leningradskiy,RU,2022-10-15 01:29:08,69.3833,178.4167,16.57,74,9,4.65
56,Teguise,ES,2022-10-15 01:29:10,29.0605,-13.564,66.42,83,0,6.91
57,Sur,OM,2022-10-15 01:29:10,22.5667,59.5289,77.49,39,7,8.59
58,Zhongshu,CN,2022-10-15 01:29:11,24.5167,103.7667,56.26,78,10,4.05
59,Amarante,BR,2022-10-15 01:29:11,-6.2411,-42.8547,84.9,36,70,4.38
60,Port Alfred,ZA,2022-10-15 01:29:12,-33.5906,26.891,62.19,97,100,1.99
61,Kapaa,US,2022-10-15 01:29:13,22.0752,-159.319,80.92,77,100,16.11
62,Luderitz,NA,2022-10-15 01:29:14,-26.6481,15.1594,61.65,69,37,17.96
63,Port Macquarie,AU,2022-10-15 01:29:03,-31.4333,152.9167,71.89,50,0,8.97
64,Progreso,MX,2022-10-15 01:29:14,21.2833,-89.6667,81.1,77,95,13.15
65,Aksarka,RU,2022-10-15 01:29:15,66.5606,67.7975,38.01,94,100,5.99
66,Lakes Entrance,AU,2022-10-15 01:29:16,-37.8811,147.981,66.16,52,16,6.93
67,Makokou,GA,2022-10-15 01:29:16,0.5738,12.8642,68.43,99,100,3.02
68,San Patricio,US,2022-10-15 01:29:17,28.017,-97.5169,82.26,66,28,12.46
69,Lompoc,US,2022-10-15 01:29:17,34.6391,-120.4579,66.78,92,100,5.75
70,Hasaki,JP,2022-10-15 01:29:18,35.7333,140.8333,74.21,71,100,15.64
71,Carauari,BR,2022-10-15 01:29:19,-4.8828,-66.8958,74.43,95,100,1.9
72,Manoel Urbano,BR,2022-10-15 01:29:20,-8.8389,-69.2597,71.91,99,87,2.55
73,Kavieng,PG,2022-10-15 01:29:21,-2.5744,150.7967,85.12,69,25,10.74
74,Eyl,SO,2022-10-15 01:29:21,7.9803,49.8164,76.23,87,5,12.33
75,Constitucion,CL,2022-10-15 01:29:21,-35.3333,-72.4167,52.65,82,0,11.59
76,Nantucket,US,2022-10-15 01:29:22,41.2835,-70.0995,62.71,94,0,8.05
77,Mataura,NZ,2022-10-15 01:29:23,-46.1927,168.8643,67.41,37,0,3.18
78,Sapa,PH,2022-10-15 01:29:23,5.1544,120.3241,84.07,73,82,1.28
79,Mitzic,GA,2022-10-15 01:29:24,0.7821,11.549,67.51,99,100,2.98
80,Longyearbyen,SJ,2022-10-15 01:29:24,78.2186,15.6401,22.84,68,40,8.05
81,Dniprovka,UA,2022-10-15 01:29:25,47.4295,34.618,45.88,62,0,10.78
82,Cherskiy,RU,2022-10-15 01:29:25,68.75,161.3,8.51,92,100,6.91
83,Loa Janan,ID,2022-10-15 01:29:26,-0.583,117.095,82.83,79,91,3.18
84,Porto Santo,PT,2022-10-15 01:29:27,33.072,-16.3415,70.18,83,20,8.05
85,Dali,CN,2022-10-15 01:29:27,25.7,100.1833,61.41,92,69,3.49
86,Palafrugell,ES,2022-10-15 01:29:28,41.9174,3.1631,63.36,91,0,2.64
87,Sitka,US,2022-10-15 01:29:29,57.0531,-135.33,48.09,87,100,6.91
88,Leh,IN,2022-10-15 01:29:29,34.1667,77.5833,37.94,40,0,3.6
89,Los Llanos De Aridane,ES,2022-10-15 01:29:30,28.6585,-17.9182,67.75,84,75,10.36
90,Pisco,PE,2022-10-15 01:29:30,-13.7,-76.2167,60.85,77,0,17.27
91,Chokurdakh,RU,2022-10-15 01:30:31,70.6333,147.9167,12.43,95,96,8.37
92,Avarua,CK,2022-10-15 01:30:31,-21.2078,-159.775,78.85,78,5,11.5
93,Sweetwater,US,2022-10-15 01:25:48,25.7634,-80.3731,82.42,88,100,6.91
94,Hermanus,ZA,2022-10-15 01:30:32,-34.4187,19.2345,59.81,86,100,16.89
95,Baherden,TM,2022-10-15 01:30:33,38.4362,57.4316,62.11,40,56,3.58
96,Gasa,PS,2022-10-15 01:30:33,31.5,34.4667,65.88,72,22,7.25
97,Narsaq,GL,2022-10-15 01:30:33,60.9167,-46.05,30.42,67,70,6.8
98,Moose Factory,CA,2022-10-15 01:30:34,51.2585,-80.6094,44.58,76,20,6.91
99,Tasiilaq,GL,2022-10-15 01:30:34,65.6145,-37.6368,26.76,57,51,8.19
100,Goure,NE,2022-10-15 01:30:35,13.9835,10.2704,81.27,16,42,7.81
101,Bonthe,SL,2022-10-15 01:30:35,7.5264,-12.505,76.01,89,85,4.99
102,Atuona,PF,2022-10-15 01:30:37,-9.8,-139.0333,76.86,80,9,16.31
103,Vila Velha,BR,2022-10-15 01:28:16,-20.3297,-40.2925,76.95,86,75,9.22
104,Barrow,US,2022-10-15 01:30:37,71.2906,-156.7887,30.22,64,100,9.22
105,Victoria,HK,2022-10-15 01:27:50,22.2855,114.1577,82.26,54,8,5.99
106,Te Anau,NZ,2022-10-15 01:30:39,-45.4167,167.7167,63.07,48,25,6.49
107,Comodoro Rivadavia,AR,2022-10-15 01:30:39,-45.8667,-67.5,55.26,41,0,4.61
108,Georgetown,MY,2022-10-15 01:30:40,5.4112,100.3354,80.24,93,40,6.91
109,Ugoofaaru,MV,2022-10-15 01:30:40,5.6667,73.0,81.72,79,100,11.54
110,Kaduy,RU,2022-10-15 01:30:41,59.2,37.15,40.71,92,100,4.27
111,Brownsville,US,2022-10-15 01:30:41,25.9018,-97.4975,82.9,76,100,11.5
112,Nikolskoye,RU,2022-10-15 01:30:42,59.7035,30.7861,46.29,92,88,6.13
113,Airai,TL,2022-10-15 01:30:42,-8.9266,125.4092,74.32,53,98,3.49
114,Mnogovershinnyy,RU,2022-10-15 01:30:43,53.9353,139.9242,45.88,52,13,2.82
115,Ilulissat,GL,2022-10-15 01:30:43,69.2167,-51.1,26.62,63,100,1.14
116,Nanortalik,GL,2022-10-15 01:30:44,60.1432,-45.2371,30.38,68,33,9.33
117,Hithadhoo,MV,2022-10-15 01:30:44,-0.6,73.0833,81.66,71,14,13.85
118,Bousso,TD,2022-10-15 01:30:45,10.4795,16.7117,75.45,74,100,3.98
119,Saint George,US,2022-10-15 01:30:44,37.1041,-113.5841,84.79,11,0,4.61
120,Bambous Virieux,MU,2022-10-15 01:30:45,-20.3428,57.7575,68.25,88,75,11.5
121,Tupik,RU,2022-10-15 01:30:46,54.4253,119.9327,30.7,95,100,14.09
122,Thompson,CA,2022-10-15 01:26:40,55.7435,-97.8558,33.96,100,100,9.22
123,Eenhana,NA,2022-10-15 01:30:47,-17.4667,16.3333,73.08,42,64,5.99
124,Mahebourg,MU,2022-10-15 01:30:48,-20.4081,57.7,68.29,88,75,11.5
125,Dutlwe,BW,2022-10-15 01:30:48,-23.9833,23.9,71.06,23,61,8.46
126,Marzuq,YE,2022-10-15 01:30:49,14.4,46.4667,66.76,60,4,1.54
127,Vao,NC,2022-10-15 01:30:50,-22.6667,167.4833,69.03,61,4,10.58
128,Kodiak,US,2022-10-15 01:30:50,57.79,-152.4072,45.91,87,100,24.16
129,Jaisinghnagar,IN,2022-10-15 01:30:51,23.7,81.3833,68.32,68,4,1.05
130,Laguna,US,2022-10-15 01:30:52,38.421,-121.4238,84.76,45,0,6.91
131,Norman Wells,CA,2022-10-15 01:30:52,65.282,-126.8329,26.64,68,20,3.44
132,Fortuna,US,2022-10-15 01:30:52,40.5982,-124.1573,53.91,92,100,4.61
133,Port Hardy,CA,2022-10-15 01:30:53,50.6996,-127.4199,53.78,87,20,3.44
134,Kandrian,PG,2022-10-15 01:30:53,-6.2167,149.55,87.17,62,29,7.83
135,Hilo,US,2022-10-15 01:30:54,19.7297,-155.09,87.28,76,75,11.5
136,Torbay,CA,2022-10-15 01:30:54,47.6666,-52.7314,49.5,89,40,12.66
137,Gat,IL,2022-10-15 01:30:55,31.61,34.7642,70.48,100,32,5.28
138,Abu Zabad,SD,2022-10-15 01:31:56,12.35,29.25,78.04,37,100,1.86
139,Cordoba,AR,2022-10-15 01:31:56,-31.4135,-64.1811,51.19,64,0,5.75
140,Naze,JP,2022-10-15 01:31:58,28.3667,129.4833,77.92,86,99,15.64
141,Kosa,RU,2022-10-15 01:31:58,59.9445,54.9977,42.93,96,100,4.88
142,Biltine,TD,2022-10-15 01:31:59,14.5333,20.9167,79.84,24,97,7.99
143,Nome,US,2022-10-15 01:31:59,64.5011,-165.4064,37.47,56,0,16.11
144,Hargeysa,SO,2022-10-15 01:32:00,9.56,44.065,66.31,62,4,2.91
145,Deputatskiy,RU,2022-10-15 01:32:00,69.3,139.9,8.29,91,99,4.88
146,New Norfolk,AU,2022-10-15 01:32:01,-42.7826,147.0587,56.91,66,100,5.99
147,Russellville,US,2022-10-15 01:32:02,35.2784,-93.1338,73.18,36,0,3.44
148,San Anselmo,US,2022-10-15 01:31:39,37.9747,-122.5616,70.18,85,0,11.5
149,Klaksvik,FO,2022-10-15 01:32:03,62.2266,-6.589,43.72,69,96,18.92
150,Bredasdorp,ZA,2022-10-15 01:32:03,-34.5322,20.0403,57.88,88,100,13.13
151,Shamgarh,IN,2022-10-15 01:32:04,24.1833,75.6333,70.14,65,0,0.49
152,Flinders,AU,2022-10-15 01:32:05,-34.5833,150.8552,73.18,56,5,4.0
153,Sortavala,RU,2022-10-15 01:32:05,61.7053,30.6918,47.26,90,100,8.77
154,Souillac,MU,2022-10-15 01:32:06,-20.5167,57.5167,68.38,88,75,11.5
155,Provideniya,RU,2022-10-15 01:32:08,64.3833,-173.3,30.74,81,77,8.55
156,Ponta Do Sol,PT,2022-10-15 01:32:08,32.6667,-17.1,70.72,61,51,4.54
157,Kruisfontein,ZA,2022-10-15 01:32:09,-34.0033,24.7314,58.48,93,100,13.35
158,Ixtapa,MX,2022-10-15 01:32:09,20.7,-105.2,83.43,74,100,6.91
159,Taman,RU,2022-10-15 01:32:10,45.2117,36.7161,53.92,64,0,22.28
160,Puerto Escondido,MX,2022-10-15 01:32:11,15.85,-97.0667,80.65,86,98,5.53
161,Lobito,AO,2022-10-15 01:32:11,-12.3481,13.5456,72.37,88,67,8.39
162,Chabahar,IR,2022-10-15 01:32:12,25.2919,60.643,78.71,56,0,2.57
163,Wahiawa,US,2022-10-15 01:32:12,21.5028,-158.0236,80.92,74,100,6.91
164,Sechura,PE,2022-10-15 01:32:13,-5.5569,-80.8222,61.65,81,0,15.66
165,Tabuk,PH,2022-10-15 01:32:13,17.4189,121.4443,79.23,77,100,2.53
166,Suixi,CN,2022-10-15 01:32:16,33.8907,116.7747,69.04,50,56,4.29
167,Natal,BR,2022-10-15 01:32:16,-5.795,-35.2094,75.85,83,20,10.36
168,Saskatoon,CA,2022-10-15 01:28:59,52.1168,-106.6345,53.17,41,75,2.3
169,Aquiraz,BR,2022-10-15 01:32:17,-3.9014,-38.3911,80.19,81,15,10.51
170,Rocha,UY,2022-10-15 01:32:18,-34.4833,-54.3333,49.71,64,100,4.52
171,Constantine,DZ,2022-10-15 01:32:18,36.365,6.6147,56.61,88,0,0.0
172,Aksu,CN,2022-10-15 01:32:19,41.1231,80.2644,54.88,24,78,2.28
173,Gama,ES,2022-10-15 01:32:19,42.748,-4.2068,51.73,73,0,3.27
174,Bethel,US,2022-10-15 01:32:20,41.3712,-73.414,54.16,85,0,0.0
175,Dingle,PH,2022-10-15 01:32:21,10.9995,122.6711,86.0,71,50,7.18
176,Cururupu,BR,2022-10-15 01:32:21,-1.8283,-44.8683,75.51,87,80,3.18
177,San Cristobal,VE,2022-10-15 01:32:22,7.7669,-72.225,68.18,96,84,1.5
178,Vostok,RU,2022-10-15 01:32:22,46.4856,135.8833,55.44,63,33,3.0
179,Pevek,RU,2022-10-15 01:32:23,69.7008,170.3133,14.27,91,100,9.31
180,Visby,SE,2022-10-15 01:32:24,57.6409,18.296,53.82,94,100,9.22
181,Pocatello,US,2022-10-15 01:27:29,42.8713,-112.4455,65.89,34,0,4.61
182,Pingliang,CN,2022-10-15 01:33:24,35.5392,106.6861,57.61,36,99,7.43
183,Coquimbo,CL,2022-10-15 01:33:25,-29.9533,-71.3436,55.13,87,0,4.61
184,Bud,US,2022-10-15 01:33:25,39.447,-86.1758,62.98,33,100,7.9
185,Fairbanks,US,2022-10-15 01:33:26,64.8378,-147.7164,32.0,68,0,6.91
186,Faya,SA,2022-10-15 01:33:26,18.3851,42.4509,57.72,54,10,3.74
187,Camacha,PT,2022-10-15 01:33:27,33.0833,-16.3333,67.42,83,20,8.05
188,Vilhena,BR,2022-10-15 01:33:27,-12.7406,-60.1458,69.03,92,99,2.44
189,Saint-Joseph,RE,2022-10-15 01:33:28,-21.3667,55.6167,64.78,73,17,9.66
190,Krasnoselkup,RU,2022-10-15 01:33:29,65.7,82.4667,32.97,83,100,14.72
191,Lao Cai,VN,2022-10-15 01:33:29,22.4833,103.95,78.33,52,56,2.13
192,North Bend,US,2022-10-15 01:31:01,43.4065,-124.2243,66.92,89,75,8.05
193,Yulara,AU,2022-10-15 01:33:30,-25.2406,130.9889,78.1,23,2,18.39
194,Salalah,OM,2022-10-15 01:33:30,17.0151,54.0924,77.09,78,75,5.75
195,Westport,US,2022-10-15 01:31:00,41.1415,-73.3579,56.19,87,0,1.01
196,Grindavik,IS,2022-10-15 01:33:31,63.8424,-22.4338,37.87,81,75,20.71
197,Virginia,US,2022-10-15 01:29:05,37.5481,-77.4467,56.25,79,0,3.44
198,Belyy Yar,RU,2022-10-15 01:33:32,53.6039,91.3903,24.85,93,0,2.24
199,La Cruz,MX,2022-10-15 01:33:33,23.9167,-106.9,78.01,80,70,3.0
200,Asau,RO,2022-10-15 01:33:33,46.4333,26.4,47.32,92,99,2.66
201,Walvis Bay,NA,2022-10-15 01:33:34,-22.9575,14.5053,58.15,94,7,9.22
202,Dhidhdhoo,MV,2022-10-15 01:33:34,6.8833,73.1,81.41,78,100,11.14
203,Berlevag,NO,2022-10-15 01:33:34,70.8578,29.0864,35.6,87,100,6.91
204,Alihe,CN,2022-10-15 01:33:35,50.5667,123.7167,42.35,33,0,13.06
205,Itirapina,BR,2022-10-15 01:33:35,-22.2528,-47.8228,65.93,76,83,18.19
206,Castro,BR,2022-10-15 01:33:36,-24.7911,-50.0119,55.71,98,100,9.66
207,Acarau,BR,2022-10-15 01:33:36,-2.8856,-40.12,78.58,82,97,16.42
208,Tuatapere,NZ,2022-10-15 01:33:37,-46.1333,167.6833,64.08,41,0,1.03
209,Mount Gambier,AU,2022-10-15 01:33:37,-37.8333,140.7667,60.04,56,100,10.27
210,Caravelas,BR,2022-10-15 01:33:38,-17.7125,-39.2481,73.33,83,8,5.88
211,Bidar,IN,2022-10-15 01:33:38,17.9,77.55,71.42,95,99,8.7
212,Ribeira Grande,PT,2022-10-15 01:33:39,38.5167,-28.7,67.77,78,95,13.0
213,Sibolga,ID,2022-10-15 01:33:39,1.7427,98.7792,81.73,73,100,1.05
214,Gela,IT,2022-10-15 01:33:40,37.0803,14.2307,67.28,72,0,7.78
215,Armidale,AU,2022-10-15 01:32:39,-30.5167,151.65,65.16,39,0,3.6
216,Knyaze-Volkonskoye,RU,2022-10-15 01:33:40,48.4642,135.4567,53.94,68,9,4.79
217,Castanos,MX,2022-10-15 01:33:41,26.7833,-101.4167,83.34,46,31,13.98
218,Mason City,US,2022-10-15 01:32:02,43.1536,-93.201,41.13,74,40,12.66
219,Adrar,MR,2022-10-15 01:33:42,20.5022,-10.0711,84.99,23,100,12.06
220,Krasnovishersk,RU,2022-10-15 01:33:42,60.4078,57.082,43.93,95,100,1.7
221,Marsa Matruh,EG,2022-10-15 01:33:42,31.3525,27.2453,71.8,60,0,9.22
222,Barra Do Garcas,BR,2022-10-15 01:33:43,-15.89,-52.2567,79.84,27,78,3.49
223,Sakakah,SA,2022-10-15 01:33:43,29.9697,40.2064,67.57,36,0,3.22
224,Meulaboh,ID,2022-10-15 01:33:44,4.1363,96.1285,76.62,87,96,3.06
225,Morondava,MG,2022-10-15 01:33:44,-20.2833,44.2833,72.66,85,0,6.82
226,San Antonio,US,2022-10-15 01:29:57,29.4241,-98.4936,84.72,51,0,10.36
227,Noto,IT,2022-10-15 01:33:45,36.8901,15.0693,60.53,69,0,4.79
228,Salinopolis,BR,2022-10-15 01:33:46,-0.6136,-47.3561,80.69,78,88,11.18
229,Esik,KZ,2022-10-15 01:33:46,43.3552,77.4525,36.82,22,100,3.13
230,Derac,HT,2022-10-15 01:33:47,19.65,-71.8167,79.95,78,97,2.37
231,Cassilandia,BR,2022-10-15 01:34:47,-19.1133,-51.7342,75.6,41,8,5.66
232,Qasigiannguit,GL,2022-10-15 01:34:48,68.8193,-51.1922,26.85,79,91,4.25
233,Iskateley,RU,2022-10-15 01:34:49,67.6803,53.1512,38.77,93,100,6.98
234,Bayburt,TR,2022-10-15 01:34:49,40.2589,40.2278,48.63,77,100,2.93
235,Port Hedland,AU,2022-10-15 01:29:51,-20.3167,118.5667,86.05,15,6,11.5
236,Anloga,GH,2022-10-15 01:34:50,5.7947,0.8973,78.4,84,99,10.74
237,Buala,SB,2022-10-15 01:34:50,-8.145,159.5921,85.84,61,100,2.28
238,Kuruman,ZA,2022-10-15 01:34:52,-27.4524,23.4325,63.99,13,6,18.01
239,Honiara,SB,2022-10-15 01:34:52,-9.4333,159.95,86.95,63,100,5.08
240,Trelew,AR,2022-10-15 01:34:53,-43.249,-65.3051,63.86,22,7,18.63
241,Grand Gaube,MU,2022-10-15 01:34:53,-20.0064,57.6608,68.4,76,3,5.01
242,Lincoln,US,2022-10-15 01:32:33,40.8,-96.667,53.87,44,0,10.36
243,Paoua,CF,2022-10-15 01:34:54,7.2427,16.4406,69.19,92,100,2.89
244,Rundu,NA,2022-10-15 01:34:54,-17.9333,19.7667,68.58,25,91,4.09
245,Takoradi,GH,2022-10-15 01:34:55,4.8845,-1.7554,75.7,89,96,8.21
246,Phalodi,IN,2022-10-15 01:34:55,27.1333,72.3667,76.84,28,0,7.63
247,Kokologo,BF,2022-10-15 01:34:56,12.1897,-1.8856,80.46,70,100,8.3
248,Lagoa,PT,2022-10-15 01:34:57,39.05,-27.9833,66.74,66,100,12.39
249,Saldanha,ZA,2022-10-15 01:34:57,-33.0117,17.9442,57.67,86,44,15.59
250,Navolato,MX,2022-10-15 01:34:57,24.7672,-107.6944,84.38,76,2,4.12
251,Ipixuna,BR,2022-10-15 01:34:58,-1.7625,-48.8043,75.0,93,72,3.8
252,Boyolangu,ID,2022-10-15 01:34:59,-8.1181,111.8935,79.79,79,86,8.75
253,Batticaloa,LK,2022-10-15 01:35:00,7.7102,81.6924,78.55,84,100,5.55
254,Guerrero Negro,MX,2022-10-15 01:35:00,27.9769,-114.0611,68.0,76,26,12.57
255,Terrasini,IT,2022-10-15 01:35:02,38.146,13.0844,68.22,79,20,5.75
256,Kozan,TR,2022-10-15 01:35:03,37.4552,35.8157,65.21,86,99,2.51
257,Dutse,NG,2022-10-15 01:35:04,11.7594,9.3392,73.09,33,100,0.11
258,Bathsheba,BB,2022-10-15 01:35:04,13.2167,-59.5167,81.21,83,20,11.5
259,Boliqueime,PT,2022-10-15 01:35:05,37.1372,-8.1582,68.92,66,0,3.51
260,Padang,ID,2022-10-15 01:35:06,-0.9492,100.3543,78.85,77,100,0.67
261,Kysyl-Syr,RU,2022-10-15 01:35:06,63.8986,122.7617,24.91,86,60,4.7
262,Tezu,IN,2022-10-15 01:35:08,27.9167,96.1667,78.24,69,1,2.01
263,Urumqi,CN,2022-10-15 01:32:01,43.801,87.6005,45.55,34,0,6.71
264,Mathathane,BW,2022-10-15 01:35:09,-22.2687,28.7495,74.34,38,0,10.58
265,Tateyama,JP,2022-10-15 01:35:09,34.9833,139.8667,69.1,81,100,16.02
266,Turinsk,RU,2022-10-15 01:34:42,58.0458,63.696,41.68,91,77,6.96
267,Siguiri,GN,2022-10-15 01:35:10,11.6667,-9.5,76.21,73,100,2.62
268,Tabou,CI,2022-10-15 01:35:11,4.423,-7.3528,75.42,88,100,6.89
269,Alice Town,BS,2022-10-15 01:35:11,25.7167,-79.3,81.18,74,61,10.0
270,Alekseyevsk,RU,2022-10-15 01:35:12,57.8406,108.3492,32.05,83,99,6.42
271,Immokalee,US,2022-10-15 01:35:12,26.4187,-81.4173,80.58,86,74,5.68
272,Turkistan,KZ,2022-10-15 01:35:13,43.0,68.0,57.07,30,100,7.31
273,Kiunga,PG,2022-10-15 01:35:14,-6.1219,141.2906,88.68,62,88,0.89
274,Petropavlovsk-Kamchatskiy,RU,2022-10-15 01:35:14,53.0452,158.6483,52.39,40,20,13.42
275,Pacific Grove,US,2022-10-15 01:33:28,36.6177,-121.9166,59.43,91,100,5.01
276,Doha,QA,2022-10-15 01:35:15,25.2867,51.5333,84.09,74,0,3.44
277,Ust-Kuyga,RU,2022-10-15 01:35:16,70.0167,135.6,11.91,96,91,7.4
278,Kaeo,NZ,2022-10-15 01:36:16,-35.1,173.7833,60.8,65,57,12.46
279,Ajdabiya,LY,2022-10-15 01:36:17,30.7554,20.2263,72.93,70,34,17.72
280,Zemio,CF,2022-10-15 01:36:17,5.0314,25.1361,67.82,95,100,3.42
281,Cao Bang,VN,2022-10-15 01:36:18,22.6667,106.25,77.16,44,100,7.16
282,Saint-Augustin,CA,2022-10-15 01:36:18,51.226,-58.6502,49.23,89,100,1.83
283,Shenjiamen,CN,2022-10-15 01:36:19,29.9576,122.298,69.71,76,97,16.37
284,Zvishavane,ZW,2022-10-15 01:36:19,-20.3267,30.0665,67.96,42,0,1.23
285,Praia Da Vitoria,PT,2022-10-15 01:36:20,38.7333,-27.0667,66.76,88,75,10.96
286,Russell,US,2022-10-15 01:36:21,32.3502,-85.1999,61.83,94,0,0.0
287,Karatau,KZ,2022-10-15 01:36:21,43.1667,70.4667,54.12,29,27,0.94
288,Victoria Point,AU,2022-10-15 01:36:23,-27.5833,153.3,81.68,55,35,10.0
289,Iracoubo,GF,2022-10-15 01:36:23,5.4802,-53.2011,79.57,86,89,11.43
290,Madingou,CG,2022-10-15 01:36:24,-4.1536,13.55,74.86,91,100,2.8
291,Talaya,RU,2022-10-15 01:36:25,61.3833,152.75,10.36,90,93,2.77
292,Puri,IN,2022-10-15 01:36:25,19.8,85.85,77.52,85,4,7.67
293,Almeirim,BR,2022-10-15 01:36:26,-1.5233,-52.5817,74.25,94,23,4.7
294,Hobyo,SO,2022-10-15 01:36:27,5.3505,48.5268,77.05,86,1,13.35
295,Eureka,US,2022-10-15 01:35:15,40.8021,-124.1637,54.18,87,1,1.01
296,Hami,CN,2022-10-15 01:36:28,42.8,93.45,56.16,32,7,8.37
297,Sambava,MG,2022-10-15 01:36:28,-14.2667,50.1667,67.3,87,14,8.46
298,Sao Jose Da Coroa Grande,BR,2022-10-15 01:36:30,-8.8978,-35.1478,74.19,82,5,6.96
299,Sao Joao Da Barra,BR,2022-10-15 01:36:30,-21.6403,-41.0511,72.75,89,16,9.37
300,San Quintin,MX,2022-10-15 01:36:31,30.4833,-115.95,65.73,75,46,6.73
301,Sao Filipe,CV,2022-10-15 01:36:31,14.8961,-24.4956,77.16,81,37,9.31
302,San Angelo,US,2022-10-15 01:35:39,31.4638,-100.437,77.22,45,0,4.61
303,Tallahassee,US,2022-10-15 01:34:15,30.4383,-84.2807,66.04,68,0,0.0
304,Nueva Loja,EC,2022-10-15 01:36:32,0.0847,-76.8828,71.44,97,97,2.44
305,Cotonou,BJ,2022-10-15 01:36:33,6.3654,2.4183,78.78,89,40,8.05
306,Cap Malheureux,MU,2022-10-15 01:36:34,-19.9842,57.6142,67.46,76,3,5.01
307,Broken Hill,AU,2022-10-15 01:36:34,-31.95,141.4333,64.96,40,5,1.32
308,Liverpool,GB,2022-10-15 01:36:35,53.4106,-2.9779,52.14,93,40,12.66
309,La Ronge,CA,2022-10-15 01:36:35,55.1001,-105.2842,46.62,39,75,10.36
310,Tazmalt,DZ,2022-10-15 01:36:36,36.3868,4.3989,65.79,57,24,1.86
311,Cabo San Lucas,MX,2022-10-15 01:36:36,22.8909,-109.9124,81.7,73,0,12.66
312,Codrington,AU,2022-10-15 01:36:37,-38.2667,141.9667,58.71,68,100,13.94
313,Nuevo Ideal,MX,2022-10-15 01:36:37,24.8875,-105.0728,63.55,54,34,4.9
314,Golden,US,2022-10-15 01:36:37,39.7555,-105.2211,65.37,23,0,4.0
315,Hamilton,US,2022-10-15 01:35:09,39.1834,-84.5333,60.76,36,100,6.91
316,Lazo,RU,2022-10-15 01:33:58,43.3817,133.9014,65.19,41,1,3.51
317,Innisfail,AU,2022-10-15 01:36:40,-17.5333,146.0333,82.94,58,70,8.84
318,Uribia,CO,2022-10-15 01:36:40,11.7139,-72.266,80.71,80,13,10.78
319,Porto Murtinho,BR,2022-10-15 01:36:41,-21.6989,-57.8825,70.83,94,98,4.12
320,Saskylakh,RU,2022-10-15 01:36:41,71.9167,114.0833,26.06,90,100,15.61
321,Namatanai,PG,2022-10-15 01:36:42,-3.6667,152.4333,86.23,64,57,6.35
322,Zeya,RU,2022-10-15 01:36:42,53.75,127.2667,39.56,96,100,8.72
323,Tuscaloosa,US,2022-10-15 01:35:30,33.2098,-87.5692,61.21,79,0,0.0
324,Bolu,TR,2022-10-15 01:36:43,40.6667,31.5833,53.28,85,100,1.28
325,Villa Maria,AR,2022-10-15 01:37:44,-32.4075,-63.2402,47.82,87,100,5.35
326,Carutapera,BR,2022-10-15 01:37:44,-1.195,-46.02,78.06,82,75,6.08
327,Necochea,AR,2022-10-15 01:37:06,-38.5473,-58.7368,42.58,67,0,13.02
328,Alice Springs,AU,2022-10-15 01:37:45,-23.7,133.8833,72.95,28,11,17.27
329,Kargasok,RU,2022-10-15 01:33:52,59.0556,80.8572,31.6,84,100,10.65
330,Blagoyevo,RU,2022-10-15 01:37:46,63.3667,47.9167,37.06,87,100,4.21
331,Yar-Sale,RU,2022-10-15 01:33:41,66.8333,70.8333,38.12,88,100,8.01
332,Coffs Harbour,AU,2022-10-15 01:37:46,-30.3,153.1333,73.13,46,0,13.8
333,Guiyang,CN,2022-10-15 01:37:47,26.5833,106.7167,63.09,63,20,6.71
334,Sorland,NO,2022-10-15 01:37:47,67.667,12.6934,48.06,76,100,17.25
335,Bayji,IQ,2022-10-15 01:37:48,34.9311,43.487,72.73,26,0,3.78
336,Ciudad Bolivar,VE,2022-10-15 01:37:48,8.1222,-63.5497,78.89,77,49,10.27
337,Linxia,CN,2022-10-15 01:37:49,35.6003,103.2064,49.66,43,100,4.09
338,Joaima,BR,2022-10-15 01:37:49,-16.6542,-41.0306,69.37,83,20,2.62
339,Avera,US,2022-10-15 01:37:50,33.194,-82.5271,56.71,43,0,4.43
340,Chama,CH,2022-10-15 01:37:50,47.1821,8.4636,58.95,93,100,1.01
341,Ilo,PE,2022-10-15 01:37:51,-17.6394,-71.3375,59.36,80,100,3.53
342,San Jeronimo,PE,2022-10-15 01:37:51,-11.9472,-75.2829,54.73,67,100,2.37
343,Baykit,RU,2022-10-15 01:37:51,61.67,96.37,32.56,79,99,3.87
344,Sidney,AU,2022-10-15 01:33:27,-33.8679,151.2073,76.32,45,0,9.22
345,Lorengau,PG,2022-10-15 01:37:52,-2.0226,147.2712,86.31,63,89,9.26
346,Cortes,ES,2022-10-15 01:37:52,41.9395,-1.4396,60.85,63,8,3.69
347,Filadelfia,US,2022-10-15 01:37:38,39.9523,-75.1638,58.75,71,0,3.44
348,Kavaratti,IN,2022-10-15 01:37:53,10.5669,72.642,80.91,75,86,1.81
349,Srednekolymsk,RU,2022-10-15 01:37:54,67.45,153.6833,16.05,89,100,7.61
350,Ponta Delgada,PT,2022-10-15 01:33:58,37.7333,-25.6667,69.49,88,40,14.97
351,Vestmannaeyjar,IS,2022-10-15 01:37:55,63.4427,-20.2734,39.61,65,24,10.71
352,Bosobolo,CD,2022-10-15 01:37:55,4.1833,19.9,71.06,93,100,1.32
353,Coolum Beach,AU,2022-10-15 01:35:30,-26.5333,153.1,78.33,65,30,12.73
354,Sousa,BR,2022-10-15 01:36:02,-6.7592,-38.2281,82.09,44,97,15.46
355,Wukari,NG,2022-10-15 01:37:57,7.85,9.7833,73.06,97,100,4.97
356,Kemalpasa,TR,2022-10-15 01:36:42,38.4262,27.4173,57.78,86,21,2.59
357,Isiro,CD,2022-10-15 01:37:58,2.7739,27.616,66.79,97,100,0.89
358,Businga,CD,2022-10-15 01:37:58,3.3333,20.8833,70.14,99,100,0.25
359,Zaranj,AF,2022-10-15 01:33:29,30.9667,61.8833,68.18,16,0,1.39
360,Muros,ES,2022-10-15 01:37:59,42.7762,-9.0603,65.08,93,87,7.34
361,Chuy,UY,2022-10-15 01:38:00,-33.6971,-53.4616,52.56,71,40,8.34
362,Porkhov,RU,2022-10-15 01:38:01,57.765,29.5561,41.58,92,76,5.14
363,Emerald,AU,2022-10-15 01:38:02,-23.5333,148.1667,82.35,51,72,6.78
364,Bilma,NE,2022-10-15 01:38:02,18.6853,12.9164,76.08,15,0,1.68
365,Biak,ID,2022-10-15 01:38:03,-0.9131,122.8766,83.91,64,98,3.62
366,Butte,US,2022-10-15 01:38:04,39.6499,-121.5677,86.22,32,0,6.91
367,Talara,PE,2022-10-15 01:38:07,-4.5772,-81.2719,63.23,85,3,16.73
368,Marsciano,IT,2022-10-15 01:38:07,42.9059,12.3359,58.39,73,7,1.01
369,Yerbogachen,RU,2022-10-15 01:38:07,61.2767,108.0108,30.02,69,12,4.85
370,Beyneu,KZ,2022-10-15 01:38:08,45.3167,55.2,57.67,55,100,7.83
371,Quang Ngai,VN,2022-10-15 01:37:20,15.1167,108.8,78.53,82,93,2.37
372,Marsh Harbour,BS,2022-10-15 01:39:09,26.5412,-77.0636,81.28,72,12,8.93
373,Mirnyy,RU,2022-10-15 01:39:10,62.5353,113.9611,28.24,86,51,4.0
374,Kloulklubed,PW,2022-10-15 01:39:10,7.0419,134.2556,79.3,75,100,13.15
375,Burnie,AU,2022-10-15 01:39:11,-41.0667,145.9167,54.95,76,100,12.17
376,Labuhan,ID,2022-10-15 01:39:12,-6.8844,112.2051,82.56,73,100,9.35
377,Nuevo Casas Grandes,MX,2022-10-15 01:34:54,30.4167,-107.9167,67.75,55,98,2.91
378,Boa Vista,BR,2022-10-15 01:39:16,2.8197,-60.6733,80.58,74,75,3.44
379,Acari,PE,2022-10-15 01:39:16,-15.4311,-74.6158,64.72,70,33,3.06
380,Krasnyy Luch,UA,2022-10-15 01:39:17,48.1395,38.9371,37.4,74,0,6.49
381,Ossora,RU,2022-10-15 01:39:18,59.2353,163.0719,39.18,74,91,1.52
382,Nizwa,OM,2022-10-15 01:39:21,22.9333,57.5333,69.13,29,0,1.3
383,Passo De Camaragibe,BR,2022-10-15 01:39:22,-9.2368,-35.4901,72.95,79,86,3.78
384,Muisne,EC,2022-10-15 01:39:23,0.6,-80.0333,73.63,81,96,7.14
385,Luorong,CN,2022-10-15 01:39:23,24.4058,109.6086,76.68,29,9,13.73
386,Nefteyugansk,RU,2022-10-15 01:39:24,61.0998,72.6035,34.81,86,89,11.88
387,Saint-Denis,FR,2022-10-15 01:39:25,48.9167,2.3333,60.39,95,100,4.61
388,Henties Bay,NA,2022-10-15 01:39:26,-22.116,14.2845,55.76,94,30,7.43
389,Peoria,US,2022-10-15 01:39:27,40.7667,-89.7668,46.54,90,100,3.44
390,Bayanday,RU,2022-10-15 01:39:28,53.0661,105.5139,31.73,66,91,12.03
391,Abu Samrah,SY,2022-10-15 01:39:29,35.3029,37.1841,65.25,77,100,3.87
392,Quatre Cocos,MU,2022-10-15 01:39:29,-20.2078,57.7625,68.11,73,22,12.35
393,Pangnirtung,CA,2022-10-15 01:39:30,66.1451,-65.7125,33.71,72,7,5.21
394,Utrecht,NL,2022-10-15 01:38:33,52.0,5.25,55.98,96,88,1.99
395,Buchanan,LR,2022-10-15 01:39:31,5.8808,-10.0467,74.82,90,100,2.86
396,Vila,PT,2022-10-15 01:39:31,42.0304,-8.1588,52.68,93,1,2.24
397,Kurchum,KZ,2022-10-15 01:39:32,48.5722,83.6542,48.92,33,6,3.89
398,Shaowu,CN,2022-10-15 01:39:33,27.3409,117.4831,76.71,44,2,2.08
399,Yumen,CN,2022-10-15 01:39:33,40.2833,97.2,51.67,28,0,12.1
400,Wenling,CN,2022-10-15 01:39:34,28.3669,121.36,70.9,75,100,16.37
401,Buckingham,GB,2022-10-15 01:39:35,51.9997,-0.9878,50.99,72,48,1.99
402,Ostrovnoy,RU,2022-10-15 01:39:36,68.0531,39.5131,43.52,95,100,5.55
403,Tautira,PF,2022-10-15 01:39:36,-17.7333,-149.15,78.06,76,27,7.52
404,Fagernes,NO,2022-10-15 01:39:37,60.9858,9.2324,45.91,95,100,9.04
405,Rorvik,NO,2022-10-15 01:39:39,64.8621,11.2373,44.71,81,100,5.75
406,Ripanj,RS,2022-10-15 01:39:40,44.639,20.5204,52.88,80,1,8.23
407,Santa Lucia,ES,2022-10-15 01:39:40,27.9117,-15.5407,65.52,73,40,16.11
408,Bengkulu,ID,2022-10-15 01:39:41,-3.8004,102.2655,79.12,79,99,1.25
409,Takab,IR,2022-10-15 01:39:43,36.4009,47.1133,50.94,44,5,3.98
410,Shangzhi,CN,2022-10-15 01:39:44,45.2167,127.9667,58.46,59,0,15.03
411,Cockburn Town,TC,2022-10-15 01:39:45,21.4612,-71.1419,82.45,74,90,13.89
412,Tiznit,MA,2022-10-15 01:39:45,29.5833,-9.5,77.45,23,100,6.8
413,Kirakira,SB,2022-10-15 01:39:46,-10.4544,161.9205,84.45,69,100,4.43
414,Loikaw,MM,2022-10-15 01:40:46,19.6742,97.2094,73.2,87,9,2.04
415,Anori,BR,2022-10-15 01:40:47,-3.7728,-61.6442,74.98,89,48,1.32
416,Shelburne,CA,2022-10-15 01:40:48,44.0787,-80.2041,46.76,60,12,11.12
417,Geraldton,AU,2022-10-15 01:40:49,-28.7667,114.6,66.61,45,1,11.5
418,Olafsvik,IS,2022-10-15 01:40:49,64.8945,-23.7142,36.54,69,74,26.87
419,Ambon,ID,2022-10-15 01:40:50,-3.6954,128.1814,89.74,66,40,3.44
420,Mackenzie,CA,2022-10-15 01:40:51,55.2999,-123.1698,57.42,47,40,4.61
421,Batemans Bay,AU,2022-10-15 01:40:53,-35.7167,150.1833,66.09,55,26,10.74
422,Barra,BR,2022-10-15 01:40:53,-11.0894,-43.1417,80.71,40,13,11.39
423,Savelugu,GH,2022-10-15 01:40:54,9.6244,-0.8253,74.41,89,100,3.8
424,Nakonde,ZM,2022-10-15 01:40:54,-9.3421,32.745,58.95,47,17,8.28
425,Panguipulli,CL,2022-10-15 01:40:55,-39.6333,-72.3333,46.26,95,0,2.84
426,Casper,US,2022-10-15 01:39:36,42.8666,-106.3131,56.8,29,0,6.91
427,Poyarkovo,RU,2022-10-15 01:40:56,49.6,128.6833,53.35,48,96,15.97
428,Moron,AR,2022-10-15 01:40:56,-34.6534,-58.6198,58.96,72,100,9.91
429,Praia,CV,2022-10-15 01:39:13,14.9215,-23.5087,77.54,88,20,13.8
430,Catuday,PH,2022-10-15 01:40:58,16.2923,119.8062,82.53,72,98,15.35
431,Faanui,PF,2022-10-15 01:40:58,-16.4833,-151.75,79.48,73,5,12.19
432,Alenquer,BR,2022-10-15 01:40:59,-1.9417,-54.7383,77.25,79,27,2.55
433,Ust-Tsilma,RU,2022-10-15 01:41:00,65.441,52.1498,35.74,88,82,3.71
434,Maldonado,UY,2022-10-15 01:36:26,-34.6667,-54.9167,51.19,79,88,4.7
435,Ternovka,RU,2022-10-15 01:41:01,51.678,41.6375,34.99,76,16,5.39
436,Krasnovka,RU,2022-10-15 01:41:02,48.8177,40.0923,37.83,76,1,7.2
437,Iquitos,PE,2022-10-15 01:41:04,-3.7481,-73.2472,77.04,83,75,1.14
438,Shar,KZ,2022-10-15 01:41:04,49.5886,81.0453,47.16,34,14,6.93
439,Hagere Selam,ET,2022-10-15 01:41:05,6.4833,38.5167,45.79,98,64,3.65
440,Kang,BW,2022-10-15 01:41:06,-23.6752,22.7876,69.6,22,54,7.54
441,Alto Araguaia,BR,2022-10-15 01:41:06,-17.3147,-53.2153,74.77,33,48,2.55
442,Maymyo,MM,2022-10-15 01:41:07,22.0333,96.4667,70.95,87,42,2.62
443,Sao Felix Do Xingu,BR,2022-10-15 01:41:08,-6.6447,-51.995,75.22,81,99,0.87
444,Arlit,NE,2022-10-15 01:41:09,18.7369,7.3853,80.73,12,3,5.73
445,Salta,AR,2022-10-15 01:41:10,-24.7859,-65.4117,66.79,47,100,8.05
446,Viedma,AR,2022-10-15 01:40:27,-40.8135,-62.9967,48.69,48,0,14.52
447,Pleasanton,US,2022-10-15 01:39:03,37.6624,-121.8747,77.72,65,0,9.22
448,Pundaguitan,PH,2022-10-15 01:41:13,6.3711,126.1689,84.52,69,91,4.81
449,Lososina,RU,2022-10-15 01:41:13,48.9975,140.3106,54.12,70,100,3.15
450,Kodinar,IN,2022-10-15 01:41:14,20.7903,70.7031,75.56,52,4,10.6
451,Krutinka,RU,2022-10-15 01:41:15,56.0055,71.5113,48.29,68,100,5.97
452,Gurun,MY,2022-10-15 01:41:16,5.8172,100.4738,77.74,85,75,0.18
453,Cabanas,CU,2022-10-15 01:41:16,22.9758,-82.9219,77.45,85,48,3.42
454,Nola,IT,2022-10-15 01:41:17,40.922,14.5329,63.63,93,0,3.38
455,Auki,SB,2022-10-15 01:41:18,-8.7676,160.7034,86.7,59,100,4.56
456,George,ZA,2022-10-15 01:41:18,-33.963,22.4617,56.75,100,100,11.5
457,Santa Maria,BR,2022-10-15 01:41:19,-29.6842,-53.8069,60.1,72,100,17.27
458,Porbandar,IN,2022-10-15 01:42:20,21.6422,69.6093,80.31,55,93,8.61
459,Bilibino,RU,2022-10-15 01:42:20,68.0546,166.4372,4.41,95,99,0.38
460,Kidal,ML,2022-10-15 01:42:21,18.4411,1.4078,80.94,12,0,11.95
461,Katherine,AU,2022-10-15 01:42:22,-14.4667,132.2667,93.52,49,40,4.61
462,Hinton,CA,2022-10-15 01:39:17,53.4001,-117.5857,47.3,82,7,3.09
463,Nikko,JP,2022-10-15 01:41:31,36.75,139.6167,69.01,71,73,4.27
464,Sanming,CN,2022-10-15 01:42:23,26.2486,117.6186,77.67,46,5,4.27
465,Mata,PT,2022-10-15 01:42:24,40.683,-7.4592,57.96,82,3,1.61
466,Methoni,GR,2022-10-15 01:42:25,36.8197,21.7049,63.21,82,78,7.58
467,Palauig,PH,2022-10-15 01:42:25,15.435,119.9045,84.33,74,61,6.67
468,Puerto Maldonado,PE,2022-10-15 01:42:26,-12.6,-69.1833,71.22,99,95,3.67
469,Srivardhan,IN,2022-10-15 01:42:26,18.0333,73.0167,77.81,82,80,3.51
470,Banjar,ID,2022-10-15 01:42:27,-8.19,114.9675,87.35,63,79,2.08
471,Axim,GH,2022-10-15 01:42:27,4.8699,-2.2405,75.92,88,100,8.19
472,Severo-Kurilsk,RU,2022-10-15 01:38:59,50.6789,156.125,47.82,79,6,8.05
473,Gizo,SB,2022-10-15 01:42:28,-8.103,156.8419,84.56,67,80,2.71
474,Roma,US,2022-10-15 01:42:29,43.2128,-75.4557,49.73,83,0,1.01
475,Dudinka,RU,2022-10-15 01:42:30,69.4058,86.1778,33.62,98,100,14.09
476,Doka,SD,2022-10-15 01:42:30,13.5167,35.7667,73.22,80,5,7.47
477,Jamuria,IN,2022-10-15 01:42:31,23.7,87.0833,78.04,65,1,6.62
478,Gayny,RU,2022-10-15 01:42:31,60.3071,54.3241,43.02,92,100,6.67
479,Kupang,ID,2022-10-15 01:42:31,-10.1667,123.5833,88.41,57,73,3.87
480,Tirumullaivasal,IN,2022-10-15 01:42:32,11.2333,79.8333,80.2,78,96,4.56
481,Raga,SS,2022-10-15 01:42:32,8.4596,25.678,70.38,90,100,4.32
482,Pueblo Nuevo,MX,2022-10-15 01:42:33,23.3833,-105.3833,57.09,98,37,0.72
483,Hopeman,GB,2022-10-15 01:42:33,57.7068,-3.4291,44.42,77,40,9.22
484,Mokhsogollokh,RU,2022-10-15 01:42:21,61.4681,128.9203,31.24,86,100,2.42
485,Merauke,ID,2022-10-15 01:42:34,-8.4667,140.3333,86.02,68,100,9.93
486,Dindori,IN,2022-10-15 01:42:34,22.95,81.0833,67.64,70,5,3.33
487,Ust-Kulom,RU,2022-10-15 01:42:35,61.6864,53.6902,38.34,95,98,4.85
488,Palmer,US,2022-10-15 01:42:36,42.1584,-72.3287,54.45,85,20,0.0
489,Tuxtla,MX,2022-10-15 01:42:37,16.75,-93.1167,70.3,95,99,3.85
490,Bon Air,US,2022-10-15 01:42:37,37.5249,-77.5578,55.81,81,0,0.0
491,General Roca,AR,2022-10-15 01:42:38,-39.0333,-67.5833,57.61,17,0,14.81
492,Wanning,CN,2022-10-15 01:42:38,18.8003,110.3967,80.64,78,98,16.64
493,Pilar Do Sul,BR,2022-10-15 01:42:38,-23.8131,-47.7164,60.87,95,100,13.58
494,Darhan,MN,2022-10-15 01:42:39,49.4867,105.9228,35.55,45,6,3.76
495,Lavrentiya,RU,2022-10-15 01:42:39,65.5833,-171.0,30.06,78,65,5.79
496,Yeniseysk,RU,2022-10-15 01:42:40,58.4497,92.1703,32.5,77,26,2.55
497,Puerto Colombia,CO,2022-10-15 01:42:40,10.9878,-74.9547,78.89,73,100,7.81
498,Capreol,CA,2022-10-15 01:42:41,46.706,-80.9225,41.56,87,100,8.05
499,Abha,SA,2022-10-15 01:42:41,18.2164,42.5053,57.45,47,0,0.0
500,Lujan,AR,2022-10-15 01:42:41,-34.5703,-59.105,57.02,70,100,4.0
501,Rotifunk,SL,2022-10-15 01:42:42,8.2333,-12.6833,72.86,96,100,1.52
502,Maloy,NO,2022-10-15 01:42:42,61.9353,5.1136,43.74,33,100,12.12
503,Waw,SS,2022-10-15 01:42:43,7.7029,27.9953,71.73,87,100,3.33
504,Altamont,US,2022-10-15 01:42:43,42.2068,-121.7372,73.24,18,0,8.05
505,Kelso,US,2022-10-15 01:43:44,46.1468,-122.9084,75.49,65,10,4.72
506,Nsanje,MW,2022-10-15 01:43:44,-16.92,35.262,72.34,68,3,2.24
507,Guaranda,EC,2022-10-15 01:43:45,-1.6,-79.0,54.81,96,100,1.1
508,Guhagar,IN,2022-10-15 01:43:45,17.4842,73.1929,77.29,87,97,3.8
509,Primorsk,UA,2022-10-15 01:43:46,46.7348,36.3443,44.55,66,0,13.15
510,Minot,US,2022-10-15 01:41:01,48.2325,-101.2963,39.42,56,0,5.75
511,Grand-Santi,GF,2022-10-15 01:43:46,4.25,-54.3833,74.98,88,44,3.36
512,Gallipoli,TR,2022-10-15 01:43:48,40.4103,26.6708,62.46,81,100,21.94
513,Bandiagara,ML,2022-10-15 01:43:50,14.3501,-3.6104,83.62,47,81,8.41
514,Komsomolskiy,UZ,2022-10-15 01:43:50,40.4272,71.7189,52.52,43,54,6.91
515,Sidhi,IN,2022-10-15 01:43:51,24.4167,81.8833,71.78,65,1,1.43
516,Belaya Gora,RU,2022-10-15 01:43:51,68.5333,146.4167,14.54,81,100,5.82
517,Tucupita,VE,2022-10-15 01:43:52,9.0622,-62.051,72.99,98,46,3.53
518,Birjand,IR,2022-10-15 01:43:53,32.8663,59.2211,52.27,16,0,6.91
519,Sokoto,NG,2022-10-15 01:43:53,13.0609,5.239,77.99,63,12,7.76
520,Nabire,ID,2022-10-15 01:43:54,-3.3667,135.4833,84.52,72,100,3.49
521,Punta Gorda,US,2022-10-15 01:43:55,26.9298,-82.0454,81.0,88,75,10.0
522,Ola,RU,2022-10-15 01:43:55,59.5833,151.2833,28.15,56,78,7.78
523,Zhigansk,RU,2022-10-15 01:43:56,66.7697,123.3711,16.54,92,77,2.26
524,Aviles,ES,2022-10-15 01:43:57,43.5547,-5.9248,64.38,93,0,1.14
525,Havoysund,NO,2022-10-15 01:43:57,70.9963,24.6622,41.23,85,19,10.27
526,Yangjiang,CN,2022-10-15 01:40:16,21.85,111.9667,77.92,47,39,11.01
527,Verkhoyansk,RU,2022-10-15 01:43:58,67.5447,133.385,14.05,90,66,2.55
528,Newton,US,2022-10-15 01:40:29,42.337,-71.2092,60.35,92,0,6.91
529,Iquique,CL,2022-10-15 01:43:59,-20.2208,-70.1431,60.84,72,26,1.5
530,Fort Nelson,CA,2022-10-15 01:43:59,58.8053,-122.7002,38.79,51,75,3.44
531,Ibipeba,BR,2022-10-15 01:44:00,-11.6408,-42.0111,71.11,51,4,12.39
532,Araguaina,BR,2022-10-15 01:44:01,-7.1911,-48.2072,79.25,54,62,5.41
533,Kaili,ID,2022-10-15 01:44:01,-3.4626,120.2147,75.29,75,100,3.04
534,Harwich,GB,2022-10-15 01:44:02,51.9419,1.2844,53.01,91,3,3.0
535,Barcelos,PT,2022-10-15 01:44:02,41.5388,-8.6151,61.84,95,1,2.55
536,Kaukauna,US,2022-10-15 01:44:03,44.278,-88.272,39.31,96,100,5.75
537,Huilong,CN,2022-10-15 01:44:03,31.8111,121.655,67.93,67,29,10.71
538,Fuyang,CN,2022-10-15 01:44:04,32.9,115.8167,69.01,51,57,5.35
539,Raudeberg,NO,2022-10-15 01:44:06,61.9875,5.1352,44.96,33,100,11.59
540,Alofi,NU,2022-10-15 01:44:06,-19.0595,-169.9187,82.29,74,52,10.36
541,Aasiaat,GL,2022-10-15 01:44:07,68.7098,-52.8699,18.66,79,98,9.46
542,Erzin,TR,2022-10-15 01:44:07,36.9559,36.2,67.39,85,100,1.9
543,Karratha,AU,2022-10-15 01:44:08,-20.7377,116.8463,83.52,22,2,5.3
544,Amuntai,ID,2022-10-15 01:44:08,-2.4177,115.2494,84.67,75,75,0.72
545,Port Lincoln,AU,2022-10-15 01:44:08,-34.7333,135.8667,61.16,53,100,4.99
546,Sucre,BO,2022-10-15 01:44:09,-19.0333,-65.2627,53.53,65,100,6.46
547,Minsk,BY,2022-10-15 01:41:44,53.9,27.5667,40.73,91,27,7.16
548,Slave Lake,CA,2022-10-15 01:44:10,55.2834,-114.769,55.38,62,100,17.27
549,Manyana,BW,2022-10-15 01:44:10,-23.4,21.7167,68.67,19,2,6.82
